rental_id,date,city,bike_type,membership_type,weather,payment_method,gender,age,duration_hours,distance_km,rental_cost,rating,is_weekend,discount_applied
1001,2024-01-01,Kolkata,Electric,Annual,Sunny,UPI,Female,31,5.3,23.4,300.22,4,True,False
1002,2024-01-02,Bangalore,Hybrid,Monthly,Sunny,Card,Female,20,1.0,12.0,643.67,5,False,True
1003,2024-01-03,Chennai,City,Annual,Rainy,UPI,Male,41,2.4,4.4,388.47,4,True,True
1004,2024-01-04,Kolkata,Mountain,Monthly,Sunny,Cash,Male,54,3.2,42.5,187.58,3,False,True
1005,2024-01-05,Delhi,City,Weekly,Cloudy,Wallet,Male,33,4.0,49.1,691.23,1,False,True
1006,2024-01-06,Chennai,Hybrid,Weekly,Cloudy,UPI,Female,21,0.8,40.1,711.92,5,False,False
1007,2024-01-07,Chennai,Hybrid,Daily,Rainy,Card,Male,41,1.6,43.0,399.73,5,True,False
1008,2024-01-08,Kolkata,Hybrid,Weekly,Cloudy,Wallet,Male,51,2.6,13.6,106.77,2,False,False
1009,2024-01-09,Mumbai,City,Annual,Windy,Wallet,Male,47,7.8,48.1,340.87,4,True,False
1010,2024-01-10,Delhi,Hybrid,Weekly,Cloudy,Card,Female,35,3.0,11.5,652.65,4,False,False
1011,2024-01-11,Kolkata,City,Monthly,Cloudy,UPI,Male,36,4.1,47.7,726.33,2,False,True
1012,2024-01-12,Delhi,Hybrid,Weekly,Sunny,Cash,Female,48,2.0,49.8,202.6,5,False,True
1013,2024-01-13,Delhi,Electric,Daily,Sunny,Cash,Other,36,5.1,36.2,100.23,3,True,True
1014,2024-01-14,Chennai,Hybrid,Weekly,Cloudy,UPI,Male,63,2.6,49.1,708.01,2,True,False
1015,2024-01-15,Bangalore,City,Monthly,Rainy,Wallet,Female,36,2.1,29.3,342.05,4,False,True
1016,2024-01-16,Delhi,Road,Monthly,Sunny,Wallet,Male,39,4.4,14.5,456.32,5,False,True
1017,2024-01-17,Pune,Hybrid,Annual,Rainy,Wallet,Female,41,0.5,23.0,776.05,1,True,False
1018,2024-01-18,Chennai,Road,Weekly,Cloudy,Wallet,Male,62,0.6,30.5,99.92,4,True,False
1019,2024-01-19,Mumbai,Electric,Monthly,Cloudy,UPI,Female,29,2.1,5.5,536.24,4,True,True
1020,2024-01-20,Bangalore,Mountain,Daily,Windy,Wallet,Female,47,0.8,31.9,105.58,2,False,False
1021,2024-01-21,Pune,Electric,Annual,Sunny,Card,Female,55,1.3,49.1,331.6,3,True,False
1022,2024-01-22,Pune,Hybrid,Daily,Cloudy,Wallet,Female,48,3.0,11.1,652.86,4,False,False
1023,2024-01-23,Mumbai,Road,Weekly,Windy,Cash,Male,53,6.5,40.0,375.1,3,True,False
1024,2024-01-24,Bangalore,Road,Weekly,Sunny,Wallet,Female,36,4.8,45.6,797.89,5,False,True
1025,2024-01-25,Chennai,City,Weekly,Cloudy,UPI,Female,62,4.3,47.3,469.29,5,False,True
1026,2024-01-26,Hyderabad,Road,Annual,Cloudy,Cash,Female,53,2.7,48.1,290.87,5,False,False
1027,2024-01-27,Bangalore,City,Monthly,Sunny,UPI,Male,47,7.5,27.0,215.08,3,True,False
1028,2024-01-28,Mumbai,Mountain,Annual,Sunny,UPI,Female,50,3.5,48.9,312.89,5,True,False
1029,2024-01-29,Pune,Hybrid,Daily,Sunny,Cash,Female,35,1.2,38.4,329.4,4,True,False
1030,2024-01-30,Chennai,City,Annual,Cloudy,UPI,Female,45,5.1,9.8,101.54,3,False,False
1031,2024-01-31,Bangalore,Mountain,Daily,Cloudy,UPI,Male,64,1.4,24.9,327.18,2,False,False
1032,2024-02-01,Hyderabad,Road,Annual,Windy,Wallet,Female,28,3.1,36.5,398.18,2,True,False
1033,2024-02-02,Hyderabad,Road,Monthly,Rainy,Card,Male,62,4.3,13.9,592.05,4,False,False
1034,2024-02-03,Delhi,Mountain,Daily,Sunny,UPI,Female,50,7.1,32.7,542.55,4,False,True
1035,2024-02-04,Delhi,Road,Weekly,Cloudy,UPI,Male,34,4.2,34.0,581.57,3,False,False
1036,2024-02-05,Kolkata,Mountain,Weekly,Cloudy,UPI,Female,23,5.8,9.8,56.27,4,True,True
1037,2024-02-06,Mumbai,City,Annual,Sunny,Wallet,Other,21,7.9,29.1,213.25,3,False,True
1038,2024-02-07,Bangalore,City,Weekly,Rainy,Card,Male,37,1.5,39.0,546.26,4,True,False
1039,2024-02-08,Bangalore,Mountain,Daily,Sunny,Cash,Other,64,2.6,25.9,412.99,4,True,True
1040,2024-02-09,Kolkata,City,Weekly,Rainy,Wallet,Male,44,3.5,2.6,53.99,5,True,True
1041,2024-02-10,Pune,City,Monthly,Cloudy,Wallet,Female,32,3.7,2.4,653.37,5,True,True
1042,2024-02-11,Pune,City,Monthly,Rainy,Card,Female,23,3.6,19.1,629.61,4,True,False
1043,2024-02-12,Kolkata,Electric,Annual,Windy,Card,Female,64,7.3,46.5,461.31,4,False,False
1044,2024-02-13,Pune,Hybrid,Daily,Cloudy,Wallet,Female,31,5.9,13.0,99.85,4,True,False
1045,2024-02-14,Delhi,Road,Monthly,Windy,Cash,Female,28,5.1,32.4,624.89,5,True,True
1046,2024-02-15,Bangalore,Electric,Monthly,Sunny,Wallet,Male,56,2.8,12.7,487.79,3,True,False
1047,2024-02-16,Kolkata,City,Daily,Sunny,Card,Male,26,6.7,17.4,636.47,3,False,False
1048,2024-02-17,Bangalore,Mountain,Weekly,Sunny,Cash,Female,43,7.7,42.7,613.81,2,False,False
1049,2024-02-18,Hyderabad,City,Weekly,Rainy,Card,Female,33,6.7,37.0,652.25,4,False,False
1050,2024-02-19,Delhi,Hybrid,Annual,Cloudy,Cash,Female,22,0.5,6.6,438.51,4,False,True
1051,2024-02-20,Chennai,City,Weekly,Sunny,UPI,Female,27,5.3,22.6,155.24,5,True,False
1052,2024-02-21,Delhi,Mountain,Daily,Sunny,Card,Male,20,0.9,3.4,553.37,3,True,False
1053,2024-02-22,Kolkata,Hybrid,Monthly,Cloudy,Card,Female,30,2.4,25.1,515.36,4,False,False
1054,2024-02-23,Chennai,City,Weekly,Sunny,Wallet,Male,60,0.9,33.8,606.69,5,False,False
1055,2024-02-24,Hyderabad,Hybrid,Annual,Windy,Card,Male,47,5.0,7.7,177.41,5,False,False
1056,2024-02-25,Kolkata,Road,Weekly,Cloudy,Card,Male,62,5.6,15.9,196.23,4,False,False
1057,2024-02-26,Mumbai,Road,Daily,Cloudy,UPI,Male,23,1.4,21.1,717.81,4,True,False
1058,2024-02-27,Bangalore,City,Annual,Cloudy,Card,Male,34,3.4,46.1,612.48,3,False,False
1059,2024-02-28,Hyderabad,Hybrid,Weekly,Windy,UPI,Male,62,3.9,49.7,731.17,5,False,False
1060,2024-02-29,Bangalore,Mountain,Annual,Cloudy,UPI,Female,36,3.3,4.2,619.04,2,False,True
1061,2024-03-01,Pune,City,Daily,Windy,UPI,Male,59,1.4,38.5,497.87,5,False,False
1062,2024-03-02,Mumbai,Road,Monthly,Cloudy,UPI,Male,52,3.6,19.8,540.6,4,False,False
1063,2024-03-03,Mumbai,Road,Daily,Rainy,Cash,Male,63,6.1,20.8,716.85,4,False,False
1064,2024-03-04,Hyderabad,City,Daily,Sunny,Wallet,Male,43,1.0,38.2,484.11,1,False,True
1065,2024-03-05,Mumbai,Hybrid,Daily,Rainy,Cash,Male,22,1.1,46.1,524.29,4,True,False
1066,2024-03-06,Chennai,Road,Daily,Sunny,Card,Male,46,3.2,47.6,167.36,4,True,False
1067,2024-03-07,Mumbai,Hybrid,Monthly,Windy,Cash,Female,54,7.6,29.7,405.44,3,True,False
1068,2024-03-08,Bangalore,Road,Monthly,Rainy,Cash,Female,37,5.5,19.1,587.3,4,True,False
1069,2024-03-09,Bangalore,Road,Annual,Cloudy,Card,Female,38,5.6,39.8,253.21,5,True,False
1070,2024-03-10,Kolkata,Electric,Weekly,Sunny,Card,Male,27,3.2,14.0,201.69,4,True,True
1071,2024-03-11,Bangalore,Road,Monthly,Sunny,Card,Male,22,5.0,29.1,285.37,5,False,False
1072,2024-03-12,Kolkata,Mountain,Monthly,Rainy,Cash,Female,53,0.6,19.2,231.13,2,False,True
1073,2024-03-13,Bangalore,City,Weekly,Windy,Cash,Male,23,5.3,33.5,211.18,4,True,True
1074,2024-03-14,Chennai,City,Monthly,Rainy,Card,Male,43,7.3,13.5,368.64,2,False,False
1075,2024-03-15,Kolkata,Hybrid,Daily,Windy,Wallet,Male,21,5.1,11.2,730.88,4,True,False
1076,2024-03-16,Delhi,Road,Daily,Windy,Wallet,Male,56,7.1,46.1,430.29,5,False,False
1077,2024-03-17,Pune,Mountain,Weekly,Sunny,UPI,Male,56,5.9,6.9,190.94,4,False,False
1078,2024-03-18,Hyderabad,Hybrid,Annual,Rainy,Card,Male,52,1.4,26.3,107.73,2,False,False
1079,2024-03-19,Bangalore,Electric,Annual,Rainy,UPI,Female,18,7.3,12.6,572.12,4,False,False
1080,2024-03-20,Mumbai,Hybrid,Weekly,Windy,Wallet,Male,41,1.0,3.9,337.1,4,False,True
1081,2024-03-21,Bangalore,Hybrid,Weekly,Rainy,UPI,Female,53,4.5,3.7,666.37,4,False,False
1082,2024-03-22,Mumbai,Road,Daily,Cloudy,Card,Female,23,1.6,10.4,544.63,5,True,False
1083,2024-03-23,Pune,Electric,Annual,Cloudy,Card,Female,58,0.6,43.6,647.18,5,True,False
1084,2024-03-24,Pune,Hybrid,Monthly,Rainy,Card,Female,63,3.7,15.6,253.96,4,False,True
1085,2024-03-25,Pune,Mountain,Daily,Rainy,Cash,Other,61,2.7,47.6,569.27,4,True,False
1086,2024-03-26,Mumbai,Mountain,Weekly,Windy,UPI,Male,48,4.1,29.9,248.05,3,False,True
1087,2024-03-27,Bangalore,City,Annual,Cloudy,Wallet,Male,37,4.8,23.0,754.3,2,True,True
1088,2024-03-28,Pune,Electric,Monthly,Cloudy,Wallet,Male,41,0.8,29.8,527.28,4,False,False
1089,2024-03-29,Chennai,Electric,Monthly,Sunny,Wallet,Female,42,1.4,26.8,293.38,4,True,False
1090,2024-03-30,Kolkata,City,Daily,Windy,Cash,Female,53,4.7,38.4,252.13,4,False,False
1091,2024-03-31,Mumbai,Hybrid,Annual,Sunny,Cash,Male,38,3.1,15.6,193.19,4,True,False
1092,2024-04-01,Mumbai,Electric,Annual,Cloudy,Card,Female,47,6.0,18.9,570.98,2,False,False
1093,2024-04-02,Bangalore,Mountain,Weekly,Windy,Wallet,Male,41,5.4,44.9,214.04,4,True,False
1094,2024-04-03,Mumbai,Mountain,Annual,Rainy,Cash,Female,61,6.8,47.4,496.48,3,False,False
1095,2024-04-04,Mumbai,Road,Annual,Windy,Card,Male,59,5.7,44.8,248.48,3,False,True
1096,2024-04-05,Pune,Electric,Daily,Rainy,Wallet,Male,47,3.7,22.1,546.48,5,False,False
1097,2024-04-06,Bangalore,Hybrid,Annual,Rainy,UPI,Male,39,5.5,39.5,661.2,1,True,False
1098,2024-04-07,Pune,City,Monthly,Windy,Card,Male,45,2.6,24.9,633.52,4,True,False
1099,2024-04-08,Kolkata,City,Daily,Rainy,Cash,Male,24,2.8,25.9,620.64,3,True,False
1100,2024-04-09,Kolkata,Hybrid,Daily,Sunny,Cash,Male,52,6.4,11.8,190.79,5,False,False
1101,2024-04-10,Pune,Road,Weekly,Cloudy,Card,Female,45,3.8,30.4,116.29,4,True,False
1102,2024-04-11,Kolkata,City,Annual,Rainy,Card,Male,31,6.5,10.9,574.21,3,False,False
1103,2024-04-12,Bangalore,Electric,Weekly,Sunny,Cash,Male,27,6.7,17.9,326.26,4,True,True
1104,2024-04-13,Hyderabad,Road,Monthly,Rainy,UPI,Female,33,6.9,43.0,374.26,5,True,False
1105,2024-04-14,Pune,Electric,Daily,Cloudy,Wallet,Female,33,7.4,11.9,73.36,5,True,False
1106,2024-04-15,Chennai,Mountain,Daily,Sunny,UPI,Male,48,3.7,5.4,244.68,3,True,False
1107,2024-04-16,Chennai,Road,Daily,Cloudy,Card,Male,59,2.9,5.3,75.26,5,False,True
1108,2024-04-17,Mumbai,City,Monthly,Cloudy,UPI,Male,42,4.9,47.2,709.39,5,True,False
1109,2024-04-18,Kolkata,Road,Monthly,Sunny,Cash,Male,30,3.3,26.3,232.55,5,True,False
1110,2024-04-19,Chennai,Road,Weekly,Sunny,Card,Female,23,5.0,21.7,468.0,4,False,False
1111,2024-04-20,Mumbai,Road,Weekly,Sunny,Wallet,Male,61,5.8,40.9,79.23,4,False,False
1112,2024-04-21,Hyderabad,Road,Weekly,Windy,Cash,Male,26,5.7,42.1,550.14,4,True,False
1113,2024-04-22,Bangalore,Electric,Annual,Sunny,Cash,Female,62,3.3,17.9,292.27,5,True,False
1114,2024-04-23,Bangalore,Mountain,Daily,Sunny,Wallet,Male,53,1.8,35.3,723.44,4,False,False
1115,2024-04-24,Bangalore,Hybrid,Daily,Sunny,Wallet,Female,60,3.7,39.0,716.09,4,False,False
1116,2024-04-25,Chennai,Road,Weekly,Sunny,UPI,Male,37,1.6,33.4,293.97,4,False,True
1117,2024-04-26,Hyderabad,City,Daily,Rainy,Card,Other,35,7.2,9.3,725.72,5,True,False
1118,2024-04-27,Chennai,Road,Weekly,Windy,Wallet,Male,60,3.1,44.0,797.12,5,True,False
1119,2024-04-28,Kolkata,City,Annual,Cloudy,Wallet,Female,38,1.7,27.9,669.06,2,True,False
1120,2024-04-29,Chennai,Electric,Annual,Sunny,Card,Female,21,0.7,15.6,683.65,5,False,True
1121,2024-04-30,Hyderabad,City,Monthly,Rainy,Wallet,Male,50,5.3,22.4,236.76,4,False,False
1122,2024-05-01,Hyderabad,Hybrid,Annual,Rainy,Wallet,Female,44,5.3,3.8,482.53,5,False,True
1123,2024-05-02,Kolkata,Mountain,Weekly,Rainy,UPI,Other,24,3.1,8.1,100.44,4,True,True
1124,2024-05-03,Hyderabad,City,Annual,Cloudy,Cash,Female,23,1.0,38.7,121.19,4,False,False
1125,2024-05-04,Hyderabad,City,Monthly,Sunny,Cash,Female,32,3.6,2.0,799.17,5,True,False
1126,2024-05-05,Bangalore,Mountain,Daily,Windy,Cash,Female,35,2.8,22.0,294.98,3,False,False
1127,2024-05-06,Kolkata,Hybrid,Weekly,Windy,Cash,Male,49,5.6,27.1,611.14,5,True,False
1128,2024-05-07,Delhi,Road,Daily,Rainy,Wallet,Male,28,5.0,4.6,655.0,4,True,True
1129,2024-05-08,Delhi,City,Monthly,Cloudy,Card,Female,37,3.2,48.7,693.52,4,False,False
1130,2024-05-09,Hyderabad,Mountain,Monthly,Cloudy,Card,Male,41,2.1,12.9,798.22,3,True,False
1131,2024-05-10,Delhi,Electric,Monthly,Cloudy,UPI,Female,32,7.9,16.6,231.12,4,False,True
1132,2024-05-11,Delhi,Mountain,Daily,Windy,UPI,Female,24,3.9,16.6,80.26,3,True,False
1133,2024-05-12,Hyderabad,Electric,Daily,Rainy,Wallet,Male,38,5.7,13.1,358.39,1,False,False
1134,2024-05-13,Delhi,Hybrid,Daily,Sunny,Card,Male,59,1.6,2.1,147.56,3,False,False
1135,2024-05-14,Chennai,Road,Daily,Windy,Card,Female,43,4.1,37.0,66.82,1,True,False
1136,2024-05-15,Mumbai,Mountain,Monthly,Rainy,Cash,Male,61,0.7,48.4,320.32,5,False,False
1137,2024-05-16,Kolkata,City,Monthly,Rainy,Wallet,Female,31,4.3,12.8,637.8,5,True,False
1138,2024-05-17,Mumbai,Hybrid,Weekly,Sunny,Wallet,Male,54,7.7,33.8,474.64,4,False,False
1139,2024-05-18,Hyderabad,Mountain,Weekly,Sunny,Cash,Female,38,3.4,37.6,284.58,5,False,True
1140,2024-05-19,Bangalore,City,Daily,Sunny,Wallet,Male,35,0.8,42.7,540.76,3,False,False
1141,2024-05-20,Kolkata,Mountain,Annual,Cloudy,Wallet,Female,22,0.7,22.3,224.01,4,False,False
1142,2024-05-21,Hyderabad,Electric,Annual,Sunny,UPI,Male,20,3.4,16.5,60.79,5,True,False
1143,2024-05-22,Bangalore,Mountain,Monthly,Rainy,Card,Female,40,1.7,17.6,623.27,5,False,False
1144,2024-05-23,Mumbai,Mountain,Monthly,Sunny,Wallet,Male,43,0.7,36.2,517.81,4,False,False
1145,2024-05-24,Hyderabad,Mountain,Monthly,Rainy,UPI,Female,54,6.2,41.2,621.73,5,True,False
1146,2024-05-25,Kolkata,Hybrid,Weekly,Windy,Card,Female,41,3.9,10.7,79.2,3,True,True
1147,2024-05-26,Kolkata,Mountain,Weekly,Cloudy,Cash,Male,36,2.7,19.8,677.84,5,True,False
1148,2024-05-27,Pune,City,Monthly,Windy,UPI,Male,42,7.3,45.3,514.64,1,True,False
1149,2024-05-28,Chennai,Electric,Monthly,Windy,UPI,Male,38,1.4,40.7,472.55,4,True,True
1150,2024-05-29,Delhi,Electric,Monthly,Rainy,Card,Female,29,7.7,49.3,518.46,4,True,False
1151,2024-05-30,Bangalore,Mountain,Annual,Windy,Cash,Female,58,2.9,38.2,698.32,4,False,False
1152,2024-05-31,Pune,Hybrid,Weekly,Rainy,UPI,Male,50,7.2,20.9,490.2,2,True,False
1153,2024-06-01,Delhi,Hybrid,Annual,Sunny,Wallet,Male,21,5.0,30.4,485.71,5,False,True
1154,2024-06-02,Delhi,City,Annual,Sunny,Wallet,Male,59,6.7,33.7,793.01,3,True,True
1155,2024-06-03,Hyderabad,Mountain,Monthly,Rainy,Wallet,Female,24,7.9,5.8,617.55,4,False,False
1156,2024-06-04,Delhi,Electric,Monthly,Sunny,Cash,Male,39,2.7,28.1,381.72,3,False,True
1157,2024-06-05,Chennai,Hybrid,Daily,Cloudy,UPI,Other,50,7.7,36.0,580.55,3,False,False
1158,2024-06-06,Kolkata,Mountain,Daily,Windy,Wallet,Male,34,3.4,10.0,341.92,4,True,False
1159,2024-06-07,Pune,Hybrid,Annual,Cloudy,Cash,Female,41,3.4,39.5,221.66,4,True,True
1160,2024-06-08,Delhi,Hybrid,Weekly,Windy,Wallet,Male,51,3.1,30.0,497.64,3,True,True
1161,2024-06-09,Hyderabad,Electric,Monthly,Sunny,Card,Male,45,4.6,47.7,746.14,3,True,False
1162,2024-06-10,Chennai,Road,Monthly,Cloudy,UPI,Female,60,1.7,4.0,746.85,4,False,False
1163,2024-06-11,Mumbai,City,Annual,Sunny,UPI,Female,58,4.7,14.7,306.43,5,True,False
1164,2024-06-12,Kolkata,City,Daily,Windy,Cash,Other,56,4.6,30.9,445.76,5,False,False
1165,2024-06-13,Kolkata,Electric,Weekly,Rainy,Cash,Male,39,6.2,16.2,208.73,2,False,False
1166,2024-06-14,Pune,Hybrid,Daily,Rainy,UPI,Male,34,6.8,36.3,796.72,4,True,False
1167,2024-06-15,Kolkata,Mountain,Daily,Cloudy,Wallet,Female,51,3.8,38.4,785.84,2,True,False
1168,2024-06-16,Delhi,Hybrid,Daily,Sunny,Wallet,Female,23,2.8,6.9,537.13,1,True,False
1169,2024-06-17,Hyderabad,Electric,Daily,Sunny,Card,Male,63,2.4,26.7,653.31,4,False,False
1170,2024-06-18,Kolkata,City,Monthly,Cloudy,Wallet,Male,23,2.0,26.4,586.33,4,True,False
1171,2024-06-19,Kolkata,Hybrid,Monthly,Rainy,Cash,Male,51,0.9,19.7,494.87,3,False,True
1172,2024-06-20,Mumbai,City,Daily,Windy,Cash,Female,18,3.1,46.8,90.01,3,True,False
1173,2024-06-21,Mumbai,Mountain,Weekly,Cloudy,Wallet,Male,27,2.5,41.7,391.07,1,False,True
1174,2024-06-22,Bangalore,City,Annual,Windy,Cash,Male,38,7.7,35.5,556.09,5,True,True
1175,2024-06-23,Chennai,City,Weekly,Rainy,UPI,Male,22,4.7,36.3,558.15,5,True,False
1176,2024-06-24,Delhi,Road,Weekly,Sunny,UPI,Male,19,3.1,24.2,329.84,2,False,False
1177,2024-06-25,Kolkata,Road,Weekly,Rainy,Wallet,Male,39,4.9,46.2,756.27,3,True,False
1178,2024-06-26,Kolkata,Road,Daily,Cloudy,UPI,Male,19,1.5,35.3,175.52,5,True,False
1179,2024-06-27,Hyderabad,City,Monthly,Sunny,UPI,Male,27,3.8,37.0,425.27,5,True,False
1180,2024-06-28,Bangalore,Electric,Weekly,Cloudy,Card,Female,51,5.2,43.4,568.16,4,True,True
1181,2024-06-29,Chennai,City,Daily,Cloudy,Card,Male,33,4.2,15.2,572.85,2,True,False
1182,2024-06-30,Bangalore,Electric,Weekly,Rainy,UPI,Male,56,3.5,40.7,536.48,1,True,False
1183,2024-07-01,Pune,Electric,Weekly,Cloudy,Wallet,Female,39,8.0,11.4,256.47,4,True,False
1184,2024-07-02,Chennai,Road,Daily,Rainy,Card,Female,29,7.1,18.6,167.15,4,False,False
1185,2024-07-03,Kolkata,Hybrid,Monthly,Sunny,Cash,Male,41,5.2,18.1,526.96,1,False,True
1186,2024-07-04,Kolkata,Mountain,Monthly,Rainy,Cash,Male,64,4.8,49.0,499.48,4,True,False
1187,2024-07-05,Chennai,Road,Annual,Sunny,Cash,Male,57,5.2,43.1,184.52,1,True,False
1188,2024-07-06,Kolkata,Road,Daily,Rainy,Wallet,Female,55,2.0,35.7,578.85,5,True,False
1189,2024-07-07,Delhi,Hybrid,Annual,Windy,UPI,Other,27,3.5,36.9,391.38,3,False,False
1190,2024-07-08,Chennai,Mountain,Annual,Windy,Cash,Female,52,0.8,29.0,550.82,1,False,False
1191,2024-07-09,Bangalore,City,Annual,Cloudy,Wallet,Female,49,4.1,47.5,678.03,4,True,False
1192,2024-07-10,Chennai,City,Monthly,Rainy,Card,Female,24,4.6,25.8,177.3,4,False,False
1193,2024-07-11,Kolkata,Road,Daily,Rainy,UPI,Male,38,2.2,20.3,64.36,5,True,False
1194,2024-07-12,Delhi,Mountain,Annual,Sunny,Card,Male,37,7.7,9.8,634.33,4,True,True
1195,2024-07-13,Delhi,Road,Daily,Cloudy,Wallet,Female,43,7.3,39.7,507.27,3,True,True
1196,2024-07-14,Pune,Electric,Daily,Rainy,Cash,Other,21,5.9,37.3,574.73,5,True,False
1197,2024-07-15,Bangalore,Road,Monthly,Cloudy,Cash,Male,63,4.5,20.4,678.62,3,False,True
1198,2024-07-16,Mumbai,Road,Annual,Windy,Wallet,Female,39,7.0,3.2,652.11,5,False,True
1199,2024-07-17,Mumbai,City,Annual,Rainy,Cash,Male,32,1.5,42.3,770.69,4,True,False
1200,2024-07-18,Chennai,City,Daily,Rainy,UPI,Male,57,6.4,2.5,451.95,4,False,False
1201,2024-07-19,Pune,City,Weekly,Cloudy,Wallet,Male,38,1.4,35.8,416.37,2,False,False
1202,2024-07-20,Hyderabad,Electric,Monthly,Rainy,Card,Male,32,6.5,48.6,351.42,4,True,True
1203,2024-07-21,Chennai,City,Monthly,Cloudy,Wallet,Female,39,2.6,23.0,165.27,5,False,True
1204,2024-07-22,Pune,Mountain,Monthly,Rainy,UPI,Male,45,7.1,13.3,479.46,5,True,True
1205,2024-07-23,Bangalore,Hybrid,Monthly,Sunny,UPI,Female,31,7.6,35.8,257.76,3,True,False
1206,2024-07-24,Bangalore,Mountain,Annual,Cloudy,Wallet,Female,44,1.6,41.2,740.98,3,True,False
1207,2024-07-25,Bangalore,Mountain,Annual,Rainy,Wallet,Female,58,4.0,28.2,487.39,5,True,False
1208,2024-07-26,Bangalore,City,Weekly,Windy,Cash,Male,57,7.9,48.4,494.63,5,False,True
1209,2024-07-27,Bangalore,Hybrid,Monthly,Rainy,UPI,Male,45,4.1,4.5,316.19,2,True,False
1210,2024-07-28,Pune,Hybrid,Monthly,Windy,Wallet,Male,43,7.0,26.2,88.99,4,False,False
1211,2024-07-29,Pune,Hybrid,Daily,Windy,Wallet,Other,19,4.9,36.5,73.81,3,True,False
1212,2024-07-30,Delhi,Electric,Annual,Sunny,UPI,Female,42,3.3,43.4,367.5,5,True,False
1213,2024-07-31,Mumbai,City,Monthly,Cloudy,Wallet,Male,20,2.6,10.6,113.42,2,False,False
1214,2024-08-01,Kolkata,Hybrid,Weekly,Rainy,Cash,Female,25,2.0,40.4,505.14,3,True,True
1215,2024-08-02,Bangalore,Electric,Weekly,Sunny,UPI,Male,61,6.2,28.5,710.73,5,False,True
1216,2024-08-03,Hyderabad,Road,Annual,Rainy,Cash,Female,50,3.4,21.0,712.19,2,False,False
1217,2024-08-04,Kolkata,Road,Weekly,Windy,Cash,Male,59,4.3,8.3,544.28,4,True,True
1218,2024-08-05,Pune,Electric,Weekly,Cloudy,Cash,Female,52,4.2,43.5,208.42,4,True,True
1219,2024-08-06,Hyderabad,Electric,Annual,Rainy,Cash,Male,23,4.8,9.5,697.25,3,True,True
1220,2024-08-07,Hyderabad,City,Monthly,Rainy,UPI,Female,56,7.0,16.9,714.57,4,True,True
1221,2024-08-08,Hyderabad,City,Monthly,Windy,Cash,Female,40,7.9,15.9,197.49,4,True,False
1222,2024-08-09,Delhi,Road,Weekly,Rainy,Cash,Female,42,3.6,43.8,603.07,3,True,False
1223,2024-08-10,Pune,Hybrid,Weekly,Rainy,Wallet,Male,60,6.7,34.3,264.89,4,False,False
1224,2024-08-11,Hyderabad,Road,Monthly,Windy,UPI,Male,36,6.2,40.2,651.98,5,False,False
1225,2024-08-12,Bangalore,Hybrid,Annual,Sunny,UPI,Male,22,4.8,14.0,797.93,5,True,False
1226,2024-08-13,Chennai,Hybrid,Weekly,Windy,Card,Male,28,7.7,32.0,72.52,3,False,False
1227,2024-08-14,Hyderabad,City,Daily,Sunny,UPI,Male,29,2.0,29.4,723.02,2,False,False
1228,2024-08-15,Delhi,Mountain,Annual,Cloudy,UPI,Female,27,1.3,42.0,516.97,3,True,False
1229,2024-08-16,Kolkata,Mountain,Weekly,Sunny,Card,Female,25,6.9,45.5,780.04,4,True,True
1230,2024-08-17,Pune,Electric,Weekly,Sunny,UPI,Male,41,3.8,2.6,398.76,4,False,False
1231,2024-08-18,Delhi,City,Daily,Cloudy,UPI,Male,45,6.9,34.4,685.54,4,True,False
1232,2024-08-19,Hyderabad,Hybrid,Daily,Sunny,UPI,Male,58,7.2,4.5,96.8,2,False,False
1233,2024-08-20,Pune,Mountain,Monthly,Windy,UPI,Female,53,1.0,28.3,301.46,1,True,False
1234,2024-08-21,Chennai,Hybrid,Annual,Sunny,Card,Male,54,7.1,15.8,100.26,4,False,False
1235,2024-08-22,Hyderabad,Mountain,Annual,Cloudy,UPI,Female,38,3.9,16.7,781.51,4,False,False
1236,2024-08-23,Delhi,Mountain,Monthly,Windy,UPI,Male,25,4.3,18.9,662.73,3,False,True
1237,2024-08-24,Mumbai,Mountain,Annual,Cloudy,Card,Other,26,5.2,31.8,689.41,4,False,False
1238,2024-08-25,Bangalore,City,Annual,Cloudy,Wallet,Female,64,7.4,18.0,753.47,3,True,False
1239,2024-08-26,Kolkata,Road,Annual,Rainy,Cash,Male,32,0.6,37.2,113.83,5,True,False
1240,2024-08-27,Delhi,Hybrid,Annual,Rainy,Wallet,Female,63,4.1,21.4,339.2,5,False,True
1241,2024-08-28,Pune,City,Annual,Cloudy,Card,Male,57,5.7,5.3,103.28,3,False,False
1242,2024-08-29,Hyderabad,City,Daily,Cloudy,Cash,Female,35,5.9,39.6,208.09,3,True,False
1243,2024-08-30,Bangalore,City,Annual,Cloudy,Card,Male,59,5.7,15.7,222.02,4,True,True
1244,2024-08-31,Hyderabad,City,Daily,Rainy,Card,Female,37,1.5,22.8,401.83,3,False,False
1245,2024-09-01,Pune,City,Annual,Rainy,UPI,Female,23,2.7,34.9,251.42,4,False,True
1246,2024-09-02,Hyderabad,Electric,Monthly,Sunny,Cash,Female,29,3.2,18.0,125.73,5,False,False
1247,2024-09-03,Mumbai,Hybrid,Weekly,Sunny,UPI,Female,19,6.5,4.7,175.62,4,False,False
1248,2024-09-04,Bangalore,City,Daily,Cloudy,Cash,Male,24,2.6,19.9,160.46,5,False,False
1249,2024-09-05,Bangalore,Hybrid,Annual,Windy,Card,Male,33,2.1,47.3,779.81,4,True,True
1250,2024-09-06,Pune,Electric,Monthly,Windy,Card,Male,20,7.7,32.8,619.47,3,False,False
1251,2024-09-07,Kolkata,Electric,Weekly,Rainy,Wallet,Male,62,0.6,34.2,775.82,5,True,True
1252,2024-09-08,Mumbai,Hybrid,Daily,Rainy,Cash,Female,20,8.0,32.3,379.81,4,True,True
1253,2024-09-09,Delhi,Mountain,Weekly,Rainy,UPI,Male,44,5.6,11.6,258.78,4,True,True
1254,2024-09-10,Hyderabad,Road,Monthly,Cloudy,Wallet,Other,60,6.7,22.1,648.72,3,False,True
1255,2024-09-11,Chennai,Mountain,Daily,Windy,Wallet,Female,57,2.7,38.0,294.69,2,True,False
1256,2024-09-12,Hyderabad,Mountain,Weekly,Sunny,Wallet,Female,55,0.6,6.9,274.54,5,True,True
1257,2024-09-13,Hyderabad,Mountain,Annual,Cloudy,UPI,Male,50,6.0,15.3,224.38,3,True,False
1258,2024-09-14,Delhi,City,Daily,Sunny,Wallet,Female,45,6.8,15.3,147.26,5,True,False
1259,2024-09-15,Hyderabad,Electric,Weekly,Sunny,UPI,Female,18,6.1,22.7,242.35,5,False,False
1260,2024-09-16,Mumbai,Mountain,Monthly,Cloudy,Wallet,Male,25,1.6,49.1,316.49,5,False,False
1261,2024-09-17,Mumbai,Electric,Monthly,Sunny,UPI,Female,54,6.2,5.2,555.5,4,True,False
1262,2024-09-18,Bangalore,Hybrid,Daily,Windy,Card,Female,49,6.3,26.9,96.92,4,True,False
1263,2024-09-19,Pune,Road,Weekly,Sunny,Card,Male,60,5.4,10.6,207.88,5,False,True
1264,2024-09-20,Kolkata,Hybrid,Daily,Windy,Card,Male,54,6.2,48.6,656.77,3,False,False
1265,2024-09-21,Chennai,Hybrid,Daily,Windy,Card,Male,21,6.8,7.4,160.19,4,False,True
1266,2024-09-22,Hyderabad,City,Weekly,Windy,Card,Male,47,5.1,21.4,306.98,4,True,True
1267,2024-09-23,Hyderabad,Road,Weekly,Rainy,Wallet,Male,23,1.2,37.4,698.49,4,False,True
1268,2024-09-24,Delhi,Hybrid,Annual,Sunny,Wallet,Male,63,4.2,35.8,166.19,4,True,False
1269,2024-09-25,Pune,Hybrid,Weekly,Cloudy,Wallet,Male,36,1.1,22.3,112.05,3,True,True
1270,2024-09-26,Mumbai,Road,Monthly,Cloudy,UPI,Male,49,3.6,18.6,413.4,4,False,False
1271,2024-09-27,Chennai,Road,Daily,Sunny,UPI,Other,26,3.6,21.1,276.81,5,True,True
1272,2024-09-28,Bangalore,Hybrid,Daily,Rainy,UPI,Male,29,1.0,14.7,472.56,3,False,False
1273,2024-09-29,Mumbai,Road,Monthly,Rainy,UPI,Other,28,3.1,11.9,652.85,5,True,True
1274,2024-09-30,Pune,Hybrid,Weekly,Windy,Card,Male,63,1.3,25.2,152.86,4,False,True
1275,2024-10-01,Kolkata,Hybrid,Monthly,Sunny,Card,Male,33,6.6,14.9,485.52,5,True,False
1276,2024-10-02,Bangalore,City,Monthly,Sunny,Card,Male,18,7.6,15.8,429.13,4,True,True
1277,2024-10-03,Kolkata,Mountain,Annual,Cloudy,Cash,Male,62,1.0,33.5,158.06,5,False,False
1278,2024-10-04,Delhi,Hybrid,Monthly,Sunny,Wallet,Male,38,7.7,48.5,518.0,1,False,False
1279,2024-10-05,Delhi,Electric,Daily,Rainy,UPI,Female,47,4.4,31.0,255.23,5,False,True
1280,2024-10-06,Hyderabad,Mountain,Monthly,Sunny,UPI,Male,30,2.7,5.7,415.88,1,False,False
1281,2024-10-07,Kolkata,Mountain,Daily,Cloudy,Card,Female,51,1.1,5.6,111.7,5,True,True
1282,2024-10-08,Pune,Mountain,Daily,Windy,UPI,Female,21,4.3,47.7,394.69,5,False,False
1283,2024-10-09,Chennai,City,Daily,Cloudy,UPI,Male,45,6.5,16.3,279.85,3,False,True
1284,2024-10-10,Bangalore,Hybrid,Weekly,Cloudy,Wallet,Male,55,5.8,6.4,666.79,3,True,False
1285,2024-10-11,Mumbai,City,Annual,Windy,Card,Female,48,0.9,30.8,92.73,5,False,True
1286,2024-10-12,Pune,Hybrid,Daily,Cloudy,Wallet,Male,44,1.0,31.9,363.96,3,False,False
1287,2024-10-13,Pune,City,Daily,Cloudy,Cash,Male,22,3.5,33.1,393.82,5,True,False
1288,2024-10-14,Delhi,City,Weekly,Sunny,Cash,Other,42,2.7,14.8,593.75,2,False,False
1289,2024-10-15,Kolkata,Electric,Daily,Sunny,Cash,Male,20,2.2,2.7,480.72,2,False,False
1290,2024-10-16,Hyderabad,City,Monthly,Windy,Card,Female,50,2.6,48.3,550.41,5,False,False
1291,2024-10-17,Hyderabad,Road,Monthly,Sunny,UPI,Other,21,6.5,14.0,632.79,4,False,False
1292,2024-10-18,Bangalore,Electric,Annual,Sunny,Card,Male,42,7.5,34.4,696.65,5,False,True
1293,2024-10-19,Delhi,City,Daily,Cloudy,Card,Male,37,3.5,35.9,285.41,3,False,True
1294,2024-10-20,Pune,Mountain,Weekly,Rainy,UPI,Male,51,7.3,31.3,453.52,4,True,True
1295,2024-10-21,Chennai,Road,Monthly,Sunny,Wallet,Male,43,2.9,17.0,680.08,4,False,False
1296,2024-10-22,Delhi,Road,Weekly,Rainy,Cash,Male,22,4.1,15.0,792.09,4,True,False
1297,2024-10-23,Bangalore,Road,Weekly,Sunny,Wallet,Female,52,2.2,30.7,717.14,4,True,False
1298,2024-10-24,Bangalore,Electric,Monthly,Sunny,Cash,Male,45,5.3,43.6,328.6,4,True,True
1299,2024-10-25,Delhi,City,Weekly,Windy,Card,Male,46,7.8,47.4,196.37,4,True,False
1300,2024-10-26,Bangalore,City,Monthly,Windy,Cash,Other,26,5.0,7.1,417.04,3,False,True
1301,2024-10-27,Delhi,Mountain,Weekly,Windy,Card,Female,55,3.2,9.4,606.23,5,False,False
1302,2024-10-28,Mumbai,Mountain,Monthly,Rainy,Wallet,Female,23,5.4,47.3,419.43,3,False,False
1303,2024-10-29,Delhi,Road,Daily,Cloudy,Card,Male,36,1.4,37.4,412.39,4,True,False
1304,2024-10-30,Kolkata,Mountain,Annual,Sunny,Wallet,Female,61,7.2,44.4,678.67,3,False,False
1305,2024-10-31,Delhi,Electric,Monthly,Sunny,UPI,Male,28,4.3,11.7,321.05,4,False,False
1306,2024-11-01,Bangalore,City,Monthly,Sunny,UPI,Male,19,3.9,30.2,694.85,5,False,True
1307,2024-11-02,Kolkata,Road,Annual,Rainy,UPI,Male,64,4.9,35.7,355.1,3,True,False
1308,2024-11-03,Bangalore,Mountain,Monthly,Windy,Card,Female,61,5.2,34.6,296.17,2,True,True
1309,2024-11-04,Hyderabad,Electric,Monthly,Cloudy,UPI,Male,61,1.0,21.6,390.49,2,False,False
1310,2024-11-05,Hyderabad,Electric,Weekly,Rainy,Cash,Male,26,5.6,2.7,621.84,4,True,False
1311,2024-11-06,Kolkata,Mountain,Annual,Windy,Wallet,Male,38,2.3,30.0,144.5,5,True,True
1312,2024-11-07,Mumbai,City,Daily,Rainy,Wallet,Male,41,5.9,14.1,197.31,1,False,True
1313,2024-11-08,Hyderabad,Mountain,Monthly,Cloudy,Cash,Female,51,6.7,23.6,763.58,5,True,False
1314,2024-11-09,Delhi,Road,Annual,Windy,Card,Female,39,6.5,48.0,181.62,3,True,False
1315,2024-11-10,Bangalore,Mountain,Weekly,Rainy,Card,Female,20,4.6,21.2,475.8,4,False,False
1316,2024-11-11,Hyderabad,Electric,Daily,Cloudy,Wallet,Male,29,4.4,42.3,484.49,5,True,True
1317,2024-11-12,Hyderabad,Mountain,Annual,Sunny,UPI,Male,45,1.6,11.0,417.22,3,True,True
1318,2024-11-13,Mumbai,City,Daily,Cloudy,Card,Male,47,6.3,34.3,533.56,4,True,False
1319,2024-11-14,Kolkata,Hybrid,Daily,Sunny,Card,Male,43,2.5,48.9,222.37,1,True,False
1320,2024-11-15,Kolkata,Mountain,Daily,Rainy,Cash,Male,38,4.2,6.9,464.5,2,True,True
1321,2024-11-16,Pune,City,Monthly,Windy,Cash,Female,45,2.6,2.4,329.13,3,True,False
1322,2024-11-17,Mumbai,City,Monthly,Windy,UPI,Male,43,1.5,22.8,546.25,1,True,True
1323,2024-11-18,Delhi,Electric,Weekly,Rainy,Card,Male,50,5.2,6.4,155.92,4,True,False
1324,2024-11-19,Kolkata,City,Weekly,Windy,Card,Male,38,0.9,37.9,478.16,4,False,False
1325,2024-11-20,Bangalore,City,Annual,Windy,Cash,Male,52,6.1,45.9,188.95,4,False,False
1326,2024-11-21,Mumbai,City,Weekly,Sunny,Card,Male,51,2.9,22.8,258.98,3,False,False
1327,2024-11-22,Hyderabad,City,Daily,Rainy,Wallet,Other,58,0.5,14.4,214.03,3,False,False
1328,2024-11-23,Bangalore,Road,Daily,Cloudy,Cash,Female,64,4.3,22.9,187.13,4,True,True
1329,2024-11-24,Bangalore,Road,Monthly,Sunny,UPI,Other,35,0.9,36.7,669.28,5,False,True
1330,2024-11-25,Hyderabad,Electric,Daily,Rainy,Cash,Male,28,2.6,2.4,264.28,2,False,False
1331,2024-11-26,Mumbai,Mountain,Annual,Sunny,Card,Male,40,5.8,30.3,745.34,5,True,False
1332,2024-11-27,Hyderabad,City,Daily,Cloudy,UPI,Male,39,1.0,31.4,777.44,4,True,False
1333,2024-11-28,Pune,Mountain,Daily,Cloudy,Cash,Male,34,6.8,32.6,478.45,4,True,False
1334,2024-11-29,Bangalore,Mountain,Annual,Rainy,Wallet,Female,22,0.5,13.6,157.25,4,True,False
1335,2024-11-30,Chennai,Electric,Weekly,Cloudy,Wallet,Male,61,2.4,36.3,330.91,2,True,True
1336,2024-12-01,Chennai,City,Weekly,Sunny,Cash,Male,28,6.1,6.4,648.3,2,False,False
1337,2024-12-02,Delhi,City,Annual,Cloudy,Wallet,Male,47,2.9,11.6,325.54,4,True,False
1338,2024-12-03,Kolkata,Hybrid,Monthly,Sunny,Wallet,Male,32,1.3,44.1,115.26,3,False,False
1339,2024-12-04,Hyderabad,Mountain,Daily,Sunny,Wallet,Female,44,3.2,37.5,467.59,5,False,False
1340,2024-12-05,Hyderabad,Mountain,Annual,Cloudy,UPI,Male,52,2.5,2.7,683.84,4,True,True
1341,2024-12-06,Delhi,Road,Daily,Rainy,Wallet,Male,50,6.8,13.9,646.94,2,False,False
1342,2024-12-07,Delhi,Hybrid,Monthly,Windy,Wallet,Male,37,2.9,12.3,181.34,5,False,False
1343,2024-12-08,Delhi,Road,Daily,Cloudy,Wallet,Male,33,6.4,15.0,554.57,3,True,False
1344,2024-12-09,Bangalore,Road,Annual,Sunny,UPI,Female,51,7.2,13.9,215.38,4,False,True
1345,2024-12-10,Pune,Road,Daily,Sunny,Cash,Female,19,3.8,5.0,213.66,4,False,True
1346,2024-12-11,Hyderabad,Electric,Weekly,Cloudy,Card,Other,52,7.3,24.0,705.55,5,False,True
1347,2024-12-12,Bangalore,Electric,Monthly,Rainy,Wallet,Female,57,3.3,37.2,237.25,5,True,True
1348,2024-12-13,Delhi,Road,Monthly,Rainy,Cash,Male,45,7.7,31.1,247.44,4,True,False
1349,2024-12-14,Hyderabad,Hybrid,Monthly,Sunny,Wallet,Female,64,1.2,34.3,50.49,4,True,False
1350,2024-12-15,Bangalore,Mountain,Annual,Sunny,UPI,Male,56,5.7,5.9,703.0,5,False,False
1351,2024-12-16,Pune,Hybrid,Monthly,Rainy,Cash,Male,23,4.2,47.7,644.45,3,True,False
1352,2024-12-17,Bangalore,City,Weekly,Windy,UPI,Female,26,3.4,42.2,520.5,1,False,False
1353,2024-12-18,Pune,Electric,Annual,Cloudy,Wallet,Male,37,5.2,40.6,612.7,3,True,True
1354,2024-12-19,Delhi,Mountain,Weekly,Sunny,Wallet,Female,18,5.8,41.5,164.04,3,False,False
1355,2024-12-20,Pune,Mountain,Daily,Sunny,UPI,Male,25,0.5,46.8,393.74,4,True,False
1356,2024-12-21,Hyderabad,City,Daily,Rainy,Card,Female,40,1.8,28.1,313.41,4,True,True
1357,2024-12-22,Delhi,City,Daily,Cloudy,UPI,Female,20,5.8,11.6,120.33,4,False,True
1358,2024-12-23,Hyderabad,Road,Daily,Rainy,Wallet,Female,21,5.5,31.6,414.6,1,True,False
1359,2024-12-24,Chennai,Electric,Weekly,Cloudy,UPI,Female,42,7.7,37.7,740.55,5,False,False
1360,2024-12-25,Mumbai,Electric,Annual,Cloudy,Card,Female,64,6.2,37.4,80.04,3,True,False
1361,2024-12-26,Pune,Hybrid,Annual,Cloudy,UPI,Male,55,7.6,27.0,268.6,4,True,True
1362,2024-12-27,Mumbai,Road,Monthly,Sunny,Card,Male,32,5.8,5.3,205.66,4,False,False
1363,2024-12-28,Mumbai,Road,Weekly,Windy,Card,Male,38,2.7,19.8,228.61,3,False,False
1364,2024-12-29,Pune,Road,Daily,Rainy,UPI,Female,52,1.3,46.2,731.33,2,False,True
1365,2024-12-30,Delhi,Road,Weekly,Windy,UPI,Male,63,6.4,30.1,401.05,2,True,False
1366,2024-12-31,Chennai,Electric,Monthly,Rainy,Cash,Female,31,5.3,27.8,399.72,5,False,True
1367,2025-01-01,Hyderabad,Electric,Monthly,Cloudy,Wallet,Male,53,0.9,14.9,620.43,5,True,False
1368,2025-01-02,Bangalore,Road,Weekly,Sunny,Card,Male,29,3.2,19.7,165.87,4,False,True
1369,2025-01-03,Hyderabad,Hybrid,Weekly,Windy,Cash,Female,34,7.7,45.0,415.45,2,False,True
1370,2025-01-04,Bangalore,Mountain,Weekly,Sunny,UPI,Male,56,4.3,34.0,372.49,4,False,True
1371,2025-01-05,Hyderabad,Mountain,Annual,Rainy,Wallet,Male,26,3.7,39.8,497.68,5,False,True
1372,2025-01-06,Pune,Hybrid,Daily,Sunny,Cash,Male,52,3.9,23.8,799.67,5,False,False
1373,2025-01-07,Chennai,Road,Weekly,Sunny,Card,Other,30,2.1,32.3,627.09,2,False,True
1374,2025-01-08,Bangalore,Electric,Weekly,Windy,Cash,Female,32,3.3,13.9,348.4,1,True,False
1375,2025-01-09,Kolkata,Mountain,Weekly,Cloudy,Card,Male,35,3.3,35.9,670.66,5,False,True
1376,2025-01-10,Delhi,City,Monthly,Sunny,UPI,Male,50,0.9,22.5,178.03,4,True,False
1377,2025-01-11,Hyderabad,City,Monthly,Cloudy,Wallet,Male,23,6.3,23.2,72.85,3,False,False
1378,2025-01-12,Hyderabad,Hybrid,Annual,Rainy,Wallet,Female,44,3.6,33.2,203.34,1,False,True
1379,2025-01-13,Bangalore,Road,Daily,Sunny,Wallet,Female,40,6.7,46.9,305.31,4,False,False
1380,2025-01-14,Delhi,Mountain,Annual,Windy,UPI,Male,44,6.9,5.1,432.94,5,True,True
1381,2025-01-15,Delhi,Road,Daily,Rainy,Card,Male,51,2.1,41.6,511.35,5,True,False
1382,2025-01-16,Pune,Mountain,Monthly,Rainy,UPI,Male,63,5.4,16.0,732.95,4,False,False
1383,2025-01-17,Kolkata,Hybrid,Monthly,Windy,Wallet,Female,55,4.0,23.3,432.39,4,True,False
1384,2025-01-18,Pune,Hybrid,Monthly,Sunny,UPI,Female,31,7.1,3.1,425.96,2,False,False
1385,2025-01-19,Pune,City,Annual,Sunny,UPI,Male,53,2.1,16.5,87.68,4,False,False
1386,2025-01-20,Pune,Road,Weekly,Rainy,UPI,Male,25,5.6,26.1,76.18,4,True,True
1387,2025-01-21,Pune,City,Weekly,Sunny,Card,Male,52,5.1,4.7,463.37,4,True,True
1388,2025-01-22,Pune,Road,Monthly,Cloudy,Cash,Other,36,2.7,25.6,378.63,4,True,False
1389,2025-01-23,Chennai,City,Weekly,Windy,Cash,Male,47,1.5,46.5,679.39,3,True,False
1390,2025-01-24,Delhi,Electric,Weekly,Cloudy,UPI,Female,31,5.4,7.1,170.51,2,False,False
1391,2025-01-25,Pune,Electric,Annual,Sunny,Cash,Female,37,6.0,38.7,68.73,3,True,False
1392,2025-01-26,Delhi,Electric,Daily,Rainy,Cash,Male,42,2.9,21.7,386.78,2,True,False
1393,2025-01-27,Delhi,Electric,Monthly,Windy,UPI,Male,57,5.3,33.4,228.11,3,False,False
1394,2025-01-28,Mumbai,Mountain,Monthly,Sunny,UPI,Male,41,3.5,14.5,87.21,5,True,False
1395,2025-01-29,Chennai,Electric,Annual,Sunny,Wallet,Female,31,5.8,9.7,593.45,4,True,False
1396,2025-01-30,Pune,Hybrid,Annual,Rainy,Cash,Female,43,2.0,9.7,133.69,4,True,False
1397,2025-01-31,Hyderabad,Hybrid,Weekly,Rainy,Card,Female,55,7.2,5.4,506.24,5,True,True
1398,2025-02-01,Bangalore,Mountain,Monthly,Cloudy,UPI,Male,40,2.7,10.9,260.79,5,False,True
1399,2025-02-02,Kolkata,Electric,Daily,Windy,Wallet,Male,39,3.3,33.9,180.12,4,False,False
1400,2025-02-03,Hyderabad,Electric,Annual,Windy,Card,Other,36,0.9,44.3,334.81,5,True,True
1401,2025-02-04,Chennai,Electric,Daily,Rainy,Cash,Female,63,1.3,41.1,651.08,3,True,False
1402,2025-02-05,Bangalore,City,Daily,Cloudy,Wallet,Male,20,4.4,34.9,344.07,3,False,False
1403,2025-02-06,Chennai,Road,Monthly,Windy,UPI,Other,59,2.5,7.3,613.08,4,True,False
1404,2025-02-07,Delhi,City,Monthly,Rainy,Card,Female,36,6.8,15.9,144.11,4,True,False
1405,2025-02-08,Bangalore,Road,Annual,Sunny,UPI,Female,26,0.6,16.9,629.58,4,True,False
1406,2025-02-09,Delhi,Electric,Monthly,Windy,Cash,Female,45,3.3,14.0,227.7,3,True,False
1407,2025-02-10,Hyderabad,Electric,Monthly,Cloudy,Card,Female,37,3.0,26.7,558.04,2,True,False
1408,2025-02-11,Hyderabad,City,Monthly,Cloudy,Cash,Female,62,0.6,27.7,474.34,4,True,False
1409,2025-02-12,Bangalore,City,Daily,Cloudy,Cash,Male,24,1.4,19.1,746.86,2,True,False
1410,2025-02-13,Bangalore,Road,Annual,Sunny,Wallet,Male,31,3.6,19.0,340.49,4,True,False
1411,2025-02-14,Pune,Hybrid,Weekly,Windy,UPI,Female,26,4.2,41.8,99.62,4,True,False
1412,2025-02-15,Chennai,Road,Daily,Windy,Card,Male,36,3.5,39.9,64.37,5,False,False
1413,2025-02-16,Pune,City,Monthly,Sunny,Cash,Male,64,4.5,16.8,670.14,5,False,False
1414,2025-02-17,Chennai,City,Daily,Windy,Cash,Male,31,5.0,45.9,443.55,5,False,False
1415,2025-02-18,Pune,Mountain,Monthly,Sunny,Card,Male,55,0.6,47.7,631.43,4,True,False
1416,2025-02-19,Delhi,City,Monthly,Sunny,Cash,Female,53,4.0,17.7,225.82,5,True,False
1417,2025-02-20,Bangalore,Mountain,Daily,Sunny,Wallet,Female,57,7.7,19.0,308.81,4,False,False
1418,2025-02-21,Hyderabad,Hybrid,Annual,Cloudy,Wallet,Male,34,4.4,26.3,72.58,3,True,False
1419,2025-02-22,Chennai,Road,Monthly,Windy,Wallet,Male,47,5.6,47.2,771.12,1,False,False
1420,2025-02-23,Chennai,Road,Annual,Sunny,Wallet,Male,26,2.8,44.1,550.9,3,True,False
1421,2025-02-24,Hyderabad,Mountain,Weekly,Windy,Cash,Female,50,6.3,6.9,749.9,4,False,False
1422,2025-02-25,Pune,Road,Monthly,Cloudy,Card,Female,42,6.3,20.9,249.12,4,False,False
1423,2025-02-26,Chennai,City,Annual,Sunny,Card,Male,31,4.4,28.6,508.6,5,False,False
1424,2025-02-27,Kolkata,Electric,Annual,Rainy,Card,Female,28,7.8,26.2,558.87,3,True,True
1425,2025-02-28,Delhi,Mountain,Weekly,Cloudy,Card,Female,52,1.4,11.3,288.16,2,False,False
1426,2025-03-01,Bangalore,Road,Annual,Rainy,UPI,Female,58,0.6,43.2,686.08,5,True,False
1427,2025-03-02,Hyderabad,Mountain,Annual,Windy,Card,Female,31,6.3,34.5,760.37,2,True,False
1428,2025-03-03,Bangalore,Mountain,Weekly,Windy,UPI,Male,47,6.6,42.2,713.64,4,True,False
1429,2025-03-04,Kolkata,Electric,Monthly,Cloudy,UPI,Female,58,1.4,43.2,604.3,4,True,False
1430,2025-03-05,Chennai,City,Annual,Windy,Wallet,Male,21,2.5,37.9,258.1,4,True,False
1431,2025-03-06,Chennai,Mountain,Annual,Rainy,UPI,Female,21,0.6,23.1,261.21,2,True,True
1432,2025-03-07,Kolkata,Road,Annual,Sunny,Cash,Female,45,2.7,31.3,772.52,2,True,False
1433,2025-03-08,Hyderabad,Hybrid,Daily,Sunny,UPI,Female,25,6.3,9.7,57.71,2,False,False
1434,2025-03-09,Delhi,Mountain,Weekly,Sunny,Wallet,Female,19,4.4,34.3,587.04,4,False,True
1435,2025-03-10,Mumbai,Mountain,Daily,Cloudy,UPI,Male,58,3.1,10.6,579.68,4,False,True
1436,2025-03-11,Hyderabad,Electric,Weekly,Windy,Cash,Male,63,3.3,35.3,517.02,3,True,False
1437,2025-03-12,Mumbai,City,Monthly,Rainy,Cash,Other,39,0.5,13.0,792.58,4,True,False
1438,2025-03-13,Kolkata,Hybrid,Monthly,Windy,Cash,Female,58,2.7,7.6,283.91,5,True,True
1439,2025-03-14,Pune,Road,Annual,Windy,Wallet,Male,33,5.3,9.9,304.98,1,True,False
1440,2025-03-15,Mumbai,Hybrid,Weekly,Windy,Wallet,Male,46,7.8,2.1,109.2,4,False,False
1441,2025-03-16,Delhi,Road,Monthly,Sunny,Card,Male,47,6.9,36.5,382.1,4,True,False
1442,2025-03-17,Pune,City,Weekly,Rainy,Wallet,Female,29,0.7,37.2,245.79,3,False,False
1443,2025-03-18,Mumbai,Road,Monthly,Rainy,Cash,Female,52,7.2,26.7,307.54,3,True,False
1444,2025-03-19,Kolkata,Electric,Daily,Windy,Cash,Male,28,6.4,9.7,675.93,4,False,False
1445,2025-03-20,Pune,Electric,Monthly,Sunny,Wallet,Male,63,6.4,6.0,751.61,5,True,False
1446,2025-03-21,Kolkata,Electric,Daily,Sunny,UPI,Female,38,3.9,2.9,189.3,5,False,False
1447,2025-03-22,Mumbai,Electric,Monthly,Rainy,Wallet,Female,38,3.5,10.0,329.38,4,True,True
1448,2025-03-23,Kolkata,Hybrid,Annual,Sunny,Wallet,Male,22,2.8,44.8,746.47,5,False,False
1449,2025-03-24,Delhi,City,Daily,Sunny,Cash,Female,37,1.0,13.6,96.36,4,True,True
1450,2025-03-25,Mumbai,Road,Monthly,Sunny,Card,Male,54,2.2,19.0,119.27,4,False,True
1451,2025-03-26,Mumbai,Road,Annual,Cloudy,Cash,Male,20,2.3,7.1,172.09,4,False,True
1452,2025-03-27,Mumbai,Electric,Daily,Windy,Card,Female,61,4.1,12.7,496.41,3,True,True
1453,2025-03-28,Hyderabad,Electric,Annual,Rainy,Cash,Female,50,6.1,26.9,162.85,5,False,False
1454,2025-03-29,Hyderabad,Mountain,Weekly,Rainy,Wallet,Female,26,4.1,31.2,776.06,4,True,True
1455,2025-03-30,Hyderabad,City,Weekly,Cloudy,Cash,Female,26,0.9,13.8,385.04,4,True,False
1456,2025-03-31,Delhi,Hybrid,Daily,Windy,Cash,Female,21,7.7,4.8,426.14,5,True,False
1457,2025-04-01,Pune,Road,Monthly,Rainy,Cash,Male,52,7.6,20.8,234.99,1,False,False
1458,2025-04-02,Kolkata,Mountain,Daily,Sunny,Wallet,Male,34,6.4,13.2,403.22,3,False,True
1459,2025-04-03,Chennai,Mountain,Annual,Rainy,Wallet,Male,51,7.9,12.5,546.44,2,True,False
1460,2025-04-04,Mumbai,Road,Monthly,Sunny,Wallet,Male,41,4.6,48.1,613.38,5,True,False
1461,2025-04-05,Kolkata,Hybrid,Weekly,Cloudy,Wallet,Female,49,7.7,31.6,615.4,5,False,False
1462,2025-04-06,Mumbai,Mountain,Monthly,Sunny,Card,Other,18,1.1,28.7,483.42,3,False,False
1463,2025-04-07,Delhi,Mountain,Weekly,Rainy,Card,Male,25,3.2,22.0,728.27,4,False,False
1464,2025-04-08,Mumbai,City,Monthly,Rainy,UPI,Male,62,2.2,22.6,663.06,4,True,False
1465,2025-04-09,Hyderabad,Hybrid,Monthly,Rainy,Wallet,Female,40,2.0,28.0,617.79,5,True,False
1466,2025-04-10,Chennai,Mountain,Monthly,Cloudy,Card,Male,64,1.6,35.4,91.7,4,True,False
1467,2025-04-11,Bangalore,Hybrid,Annual,Cloudy,Cash,Female,57,5.2,35.7,55.16,4,True,True
1468,2025-04-12,Mumbai,Road,Annual,Windy,Wallet,Female,29,6.4,10.2,209.34,5,True,False
1469,2025-04-13,Kolkata,Electric,Daily,Rainy,UPI,Female,29,4.8,26.0,547.64,3,False,True
1470,2025-04-14,Hyderabad,Mountain,Daily,Sunny,UPI,Male,63,1.6,21.8,358.4,2,True,False
1471,2025-04-15,Bangalore,City,Weekly,Cloudy,UPI,Male,64,6.6,43.8,351.8,4,False,False
1472,2025-04-16,Chennai,Road,Annual,Rainy,Cash,Female,32,5.3,32.3,713.44,5,False,False
1473,2025-04-17,Bangalore,Hybrid,Weekly,Rainy,Card,Female,58,3.4,27.6,721.67,4,True,False
1474,2025-04-18,Hyderabad,Road,Daily,Cloudy,Cash,Male,36,5.6,7.5,731.88,2,False,False
1475,2025-04-19,Pune,Mountain,Weekly,Windy,Wallet,Female,43,2.4,31.1,285.41,3,True,False
1476,2025-04-20,Pune,Hybrid,Daily,Cloudy,UPI,Male,46,3.1,7.6,568.29,4,False,False
1477,2025-04-21,Bangalore,Electric,Annual,Cloudy,Cash,Female,39,7.4,18.2,253.72,3,True,False
1478,2025-04-22,Delhi,Road,Monthly,Sunny,Cash,Male,57,2.7,8.9,192.96,4,True,True
1479,2025-04-23,Kolkata,Mountain,Annual,Sunny,Card,Other,38,4.0,35.2,188.47,5,False,False
1480,2025-04-24,Kolkata,City,Weekly,Windy,Card,Male,55,7.2,11.9,306.58,4,True,False
1481,2025-04-25,Bangalore,Hybrid,Weekly,Rainy,UPI,Male,37,5.8,20.8,372.47,4,False,True
1482,2025-04-26,Mumbai,Road,Annual,Cloudy,Cash,Male,46,1.0,45.0,673.21,4,True,False
1483,2025-04-27,Mumbai,Road,Annual,Windy,Cash,Male,21,1.6,11.8,139.92,2,True,True
1484,2025-04-28,Kolkata,Electric,Daily,Sunny,Card,Female,24,0.6,26.4,601.19,5,True,False
1485,2025-04-29,Kolkata,Electric,Weekly,Cloudy,Cash,Other,45,5.2,22.1,448.59,4,False,False
1486,2025-04-30,Pune,City,Weekly,Rainy,Cash,Male,45,3.9,2.9,265.96,4,False,False
1487,2025-05-01,Delhi,City,Annual,Sunny,Cash,Male,21,1.5,40.1,419.61,4,True,True
1488,2025-05-02,Hyderabad,Mountain,Monthly,Sunny,Card,Female,39,7.7,5.3,274.96,4,False,True
1489,2025-05-03,Mumbai,Mountain,Weekly,Sunny,UPI,Female,29,4.5,24.8,497.06,4,True,True
1490,2025-05-04,Kolkata,City,Monthly,Windy,Wallet,Female,62,2.3,28.9,375.38,2,False,False
1491,2025-05-05,Pune,City,Annual,Rainy,UPI,Male,20,4.3,32.2,173.3,5,False,False
1492,2025-05-06,Chennai,Hybrid,Annual,Cloudy,Wallet,Male,39,5.6,35.1,137.44,5,True,False
1493,2025-05-07,Pune,Electric,Daily,Windy,Cash,Female,61,1.1,14.2,460.02,4,True,False
1494,2025-05-08,Mumbai,Mountain,Weekly,Windy,UPI,Male,19,2.6,2.5,726.81,5,True,False
1495,2025-05-09,Mumbai,Electric,Monthly,Windy,Wallet,Female,41,6.6,36.7,307.97,3,True,False
1496,2025-05-10,Pune,Electric,Daily,Sunny,Card,Male,51,3.9,27.7,599.75,4,True,False
1497,2025-05-11,Hyderabad,City,Weekly,Rainy,Card,Female,44,4.6,42.1,544.0,4,False,False
1498,2025-05-12,Bangalore,Hybrid,Daily,Windy,UPI,Male,58,3.7,41.4,748.67,4,False,False
1499,2025-05-13,Mumbai,Road,Annual,Cloudy,UPI,Female,18,0.8,42.5,665.74,4,True,True
1500,2025-05-14,Pune,Hybrid,Weekly,Rainy,Cash,Male,25,1.7,25.3,474.95,3,True,True
